﻿<?xml version="1.0" encoding="utf-8"?>
<Package xmlns="http://schemas.microsoft.com/appx/2010/manifest" xmlns:m2="http://schemas.microsoft.com/appx/2013/manifest" xmlns:build="http://schemas.microsoft.com/developer/appx/2012/build" IgnorableNamespaces="build">
  <!--
    THIS PACKAGE MANIFEST FILE IS GENERATED BY THE BUILD PROCESS.

    Changes to this file will be lost when it is regenerated. To correct errors in this file, edit the source .appxmanifest file.

    For more information on package manifest files, see http://go.microsoft.com/fwlink/?LinkID=241727
  -->
  <Identity Name="44f079df-fbdd-409f-b859-597156886299" Publisher="CN=ics" Version="1.1.0.3" ProcessorArchitecture="neutral" />
  <Properties>
    <DisplayName>PicturesAndNotes</DisplayName>
    <PublisherDisplayName>ics</PublisherDisplayName>
    <Logo>Assets\StoreLogo.png</Logo>
  </Properties>
  <Prerequisites>
    <OSMinVersion>6.3.0</OSMinVersion>
    <OSMaxVersionTested>6.3.0</OSMaxVersionTested>
  </Prerequisites>
  <Resources>
    <Resource Language="EN-US" />
  </Resources>
  <Applications>
    <Application Id="App" Executable="PicturesAndNotes.exe" EntryPoint="PicturesAndNotes.App">
      <m2:VisualElements DisplayName="PicturesAndNotes" Description="PicturesAndNotes" BackgroundColor="#464646" ForegroundText="light" Square150x150Logo="Assets\Logo.png" Square30x30Logo="Assets\SmallLogo.png">
        <m2:DefaultTile>
          <m2:ShowNameOnTiles>
            <m2:ShowOn Tile="square150x150Logo" />
          </m2:ShowNameOnTiles>
        </m2:DefaultTile>
        <m2:SplashScreen Image="Assets\SplashScreen.png" />
      </m2:VisualElements>
    </Application>
  </Applications>
  <Capabilities>
    <Capability Name="internetClient" />
  </Capabilities>
  <build:Metadata>
    <build:Item Name="TargetFrameworkMoniker" Value=".NETCore,Version=v4.5.1" />
    <build:Item Name="VisualStudio" Version="14.0" />
    <build:Item Name="VisualStudioEdition" Value="Microsoft Visual Studio Enterprise 2015" />
    <build:Item Name="OperatingSystem" Version="10.0.17763.1 (WinBuild.160101.0800)" />
    <build:Item Name="Microsoft.Build.AppxPackage.dll" Version="14.0.25123.0" />
    <build:Item Name="ProjectGUID" Value="{BD2C857C-FC31-406F-B20F-74AEFC7D6DF3}" />
    <build:Item Name="Microsoft.Windows.UI.Xaml.81.Build.Tasks.dll" Version="14.0.22705.1" />
    <build:Item Name="MakePri.exe" Version="6.3.9600.17336 (winblue.150226-1500)" />
  </build:Metadata>
</Package>